{
    "FedAvg": {
        "accuracy": [
            [
                0,
                0.0998
            ],
            [
                1,
                0.4704
            ],
            [
                2,
                0.5375
            ],
            [
                3,
                0.5786
            ],
            [
                4,
                0.6143
            ],
            [
                5,
                0.6353
            ]
        ],
        "loss": [
            [
                0,
                2.3048450466156005
            ],
            [
                1,
                1.7408432704925536
            ],
            [
                2,
                1.3000479858398437
            ],
            [
                3,
                1.1780551780700683
            ],
            [
                4,
                1.0920450267791748
            ],
            [
                5,
                1.0236903106689452
            ]
        ]
    },
    "FedAdagrad": {
        "accuracy": [
            [
                0,
                0.0691
            ],
            [
                1,
                0.295
            ],
            [
                2,
                0.4172
            ],
            [
                3,
                0.4207
            ],
            [
                4,
                0.234
            ],
            [
                5,
                0.2976
            ]
        ],
        "loss": [
            [
                0,
                2.3046038482666016
            ],
            [
                1,
                2.147958144950867
            ],
            [
                2,
                1.7324969123840332
            ],
            [
                3,
                2.6419675720214846
            ],
            [
                4,
                4.551365996551514
            ],
            [
                5,
                6.598453987121582
            ]
        ]
    }
}