{
    "FedAvg": {
        "accuracy": [
            [
                0,
                0.1007
            ],
            [
                1,
                0.4478
            ],
            [
                2,
                0.5329
            ],
            [
                3,
                0.5749
            ],
            [
                4,
                0.614
            ],
            [
                5,
                0.6342
            ]
        ],
        "loss": [
            [
                0,
                2.305199013519287
            ],
            [
                1,
                1.7852884296417237
            ],
            [
                2,
                1.3306106521606444
            ],
            [
                3,
                1.1987676963806153
            ],
            [
                4,
                1.0974439521789552
            ],
            [
                5,
                1.0316306785583496
            ]
        ]
    },
    "FedAdagrad": {
        "accuracy": [
            [
                0,
                0.0952
            ],
            [
                1,
                0.2192
            ],
            [
                2,
                0.3438
            ],
            [
                3,
                0.3635
            ],
            [
                4,
                0.2248
            ],
            [
                5,
                0.3634
            ]
        ],
        "loss": [
            [
                0,
                2.3024937774658203
            ],
            [
                1,
                3.580221835327148
            ],
            [
                2,
                2.3124243522644043
            ],
            [
                3,
                2.7786234970092774
            ],
            [
                4,
                7.1779187911987306
            ],
            [
                5,
                4.134739346313476
            ]
        ]
    }
}